READING STANDARD,8
ALPHASPORTS,3
SUCKER PUNCH SALLYS,30
GENERIC,90
NSU,221
HEINKEL,16
SWM,12
CALIFORNIA SCOOTER,13
MACBOR,40
POWER CHIEF,2
TOMBERLIN,3
MAVIZEN,2
MV AGUSTA,237
BOOM TRIKES,34
FLYRITE CHOPPERS,8
PUCH,42
SIMPLEX,22
BRIDGESTONE,3
FLYING MERKEL,4
DEMAK,23
QINGQI,19
MASH,15
FB MONDIAL,6
MIKILON,22
QLINK,53
CLEVELAND,30
POPE,6
BENNCHE,1
VOXAN,24
SANGLAS,11
SHINERAY,10
LEHMAN TRIKES,9
MBK,84
PGO,135
PUMA,23
ALLIGATOR,5
KANGDA,3
KREIDLER,88
MILLET,1
MOTO MORINI,102
QUANTYA,13
MODENAS,22
HARLEY-DAVIDSON,1316
HESKETH,10
KINROAD,20
TM RACING,178
RUDGE,11
MONTESA,2
ARIEL,156
VON DUTCH,8
HDM,2
PERKS AND BIRCH,3
METISSE,10
SUNDIRO,1
BRAMMO,29
VICTORY,169
MAGNI,1
JINCHENG,27
COBRA,19
QUADRO,12
ROCKFORD,1
YAMAHA,2399
COVINGTONS,7
CONFEDERATE,25
VESPA,195
DAM,3
SHERCO,220
HOREX,47
JIANSHE,13
AEON,21
CLIPIC,53
KRAMIT,1
BINTELLI,9
BMW,837
KUBERG,12
ORCAL,2
JAMES,24
MARINE TURBINE TECHNOLOGIES,14
AERMACCHI,70
CARGOBIKE,10
HERCULES,99
NCR,71
CR&AMP;S,40
PIERCE,6
DUCATI,607
FANTIC,60
AMAZONAS,2
DB MOTORS,25
YUKI,17
KANUNI,1
PENTON,2
BIG DOG,25
REWACO,18
GRC MOTO,3
HEADBANGER,30
HERO ELECTRIC,8
ICE BEAR,19
MATCHLESS,52
LEM,40
APC,8
ORION,23
VELOCETTE,81
TAYO,12
FX BIKES,2
VAHRENKAMP,4
DERRINGER,5
MZ,104
VOSKHOD,6
AZEL,21
BSA,81
PANTHER,15
NEANDER,8
AVINTON,16
PRAGA,7
MOTOM,14
DI BLASI,6
HYOSUNG,241
JAWA,86
EMCO,7
BETA,164
LINTEX,2
URAL,137
CHANG-JIANG,58
PAGSTA,10
ARLEN NESS,3
VICTORIA,8
DODGE,1
MÜNCH,8
CPI,64
ARDIE,21
SORA,3
ZANELLA,2
GOES,9
ULTRA,23
DE DION-BOUTON,8
HAOJIN,4
XINGFU,5
K2O,2
XISPA,21
CAN-AM,23
VECTRIX,13
LONGJIA,19
RIEJU,169
DIAMO,41
DÜRKOPP,20
BPG,4
GAS GAS,252
CMC,3
TGB,94
CROCKER,11
MINI,1
BENELLI,237
ELECTRIC CITY,6
FACTORY BIKE,30
DERBI,306
KASINSKI,12
GOVECS,14
TANK SPORTS,79
SIMSON,14
SHINETIME,11
EBRETTI,3
OSSA,6
KIKKER 5150,11
BULTACO,30
BIMOTA,156
ROXON,11
SCORPA,45
BORILE,27
PITSTER PRO,25
SONIK,20
COTTON,1
VMOTO,28
JORDAN,3
PEUGEOT,215
LOHIA,5
NIMBUS,18
AGRATI,23
KAWASAKI,1650
ULTRA MOTOR,4
BUELL,83
COSMOS MUSCLE BIKES,3
BRIXTON,1
DFANG,11
MONDIAL,45
ERIK BUELL RACING,11
SCHWINN,21
MOTOCZYSZ,6
EXILE CYCLES,7
DNEPR,61
CCM,94
RHINO,29
COVENTRY EAGLE,14
SWAYGO,3
MOTOWELL,20
ZÜNDAPP,161
AMERICAN EAGLE,4
PRC (PRO RACING CYCLES),6
EMBLEM,8
ZERO,19
FGR,6
MIDUAL,2
PRECISION CYCLE WORKS,12
HERO,57
INDIAN,144
LONCIN,21
ECCITY,1
STARWAY/CHU LAN,2
SUZUKO,1
TERRA MODENA,7
GEELY,25
SUKIDA,23
LINHAI,64
AURORA,2
ITALJET,37
FOSTI,2
EAGLE-WING,7
HM,12
APRILIA,627
MAICO,92
LML,31
G&AMP;G,1
ASPES,13
ROMET,18
PERAVES,10
REDNECK,3
VAN VEEN,3
BLACKBURNE,5
JIALING,12
AVON,5
GENUINE SCOOTER,34
JOHNNY PAG,24
BLACK DOUGLAS,3
DINLI,4
BRUDELI,5
LITO,1
DAFRA,19
MOTOTRANS,2
MUSTANG,3
SINNIS,28
VERTEMATI,15
SAXON,43
PALMO,3
SEARS,4
BIG BEAR CHOPPERS,90
JONWAY,16
KINETIC,2
INNOSCOOTER,16
BAOTIAN,2
ROEHR,7
LUXXON,1
DKW,104
BETTER,1
DAYANG,5
XINGYUE,28
WERNER,1
DAFIER,34
LSL,4
CHEETAH,4
INTREPID,4
ADIVA,20
RALEIGH,5
MOTOBI,40
NIPPONIA,45
SOMMER,8
JOTAGAS,4
LEXMOTO,40
LECTRIX,2
MEGELLI,26
ECOSSE,28
CLARKE,1
MOTO GIMA,2
DIHAO,4
EVOLVE,16
VERTIGO,2
RIDLEY,22
IZH,24
E-TROPOLIS,10
SUPER MOTOR,8
JUNAK,1
CAGIVA,156
MISSION,5
E-TON,10
BEELINE,10
YALE,2
BAJAJ,81
OXYGEN,4
DIRICO,17
JINLUN,18
EXCELSIOR,15
FALCON,1
VERVEMOTO,5
TVS,71
WEST COAST CHOPPERS,6
SIAMOTO,4
KUMPAN,5
HILDEBRAND-WOLFMÜLLER,4
ACABION,4
PROECO,3
VOR,12
MARKS,1
TAURIS,34
CURRENT MOTOR,2
AJP,23
DANDY,1
ALFER,7
VENTO,65
ZONTES,9
MINSK,2
SUNBEAM,28
MARSH,4
VYRUS,25
AJS,136
SUZUKI,1790
MBS,1
TRIUMPH,633
GG,1
TIGER,8
NORTON,145
MUZ,85
HERALD,13
RAVI PIAGGIO,1
GENATA,4
MOTUS,9
HENDERSON,5
VIBGYOR,3
MGB,3
SWIFT,8
KYMCO,333
CATERHAM,1
TRS,3
TITAN,34
OSET,11
BOSS HOSS,50
BUCCIMOTO,17
HP POWER,9
MOTORS EUROPE,10
LAUGE JENSEN,3
MALANCA,7
KABIRDASS,4
LIGHTNING,2
ATLAS HONDA,20
HUSQVARNA,324
GILERA,175
GIBBS,1
XMOTOS,24
CSR,27
ADLER,26
WRM,3
MOTO GUZZI,551
EKO,4
YOBYKES,7
MAHINDRA,8
RED WING,6
SCOMADI,2
SCOTT,11
BALKAN,2
ZONGSHEN,6
LEONART,19
WT MOTORS,11
ZERO ENGINEERING,16
DOUGLAS,3
AMERICAN IRONHORSE,13
VUKA,5
WAKAN,9
KSR,34
HIGHLAND,41
WSK,2
DAYTON,2
TORROT,2
KTM,746
LAVERDA,91
ENFIELD,185
TOMOS,81
NOX,3
SYM,213
RIKUO,26
UNU,1
PIAGGIO,166
ORIENT,2
HANWAY,2
CZ,31
SHANYANG,5
VIPER,14
FISCHER,9
ALLSTATE,5
HONDA,2464
SENKE,12
KRC,7
VINCENT HRD,12
OVER,7
VELI,134
BOURGET,16
SACHS,92
SKYTEAM,28
ROAD HOPPER,13
ECRP,11
MOTOLEVO,3
BMC CHOPPERS,15
MALAGUTI,113
DF MOTOR,20
DAYUN,6
GHEZZI-BRIAN,17
WK,16
MH,3
DONGHAI,4
LAMBRETTA,120
BLATA,41
YIBEN,13
GREEVES,8
ATK,29
IZUKA,26
E-MAX,19
SAROLEA,1
PANNONIA,11
TOHQI,2
TRAVERTSON,12
CUSHMAN,15
LIT MOTORS,2
STANDBIKE,5
GREENTRANS,6
TROLL,1
LEONHARDT,5
ACE,5
DRYSDALE,1
ROKON,23
ZEV,17
GOGO MOTO,7
UM,85
GARELLI,18
VALENTI,8
MOTORHISPANIA,76
BSA MOTORS,5
POLINI,53
GIANTCO,56
ZEST,6
HARTFORD,49
CF MOTO,51
RUCKER PERFORMANCE,9
DAELIM,110
ARQIN,5
MONARK,1
TRACK,4
MOTO UNION/OMV,3
PRO-ONE,4
HERO HONDA,77
ZWEIRAD-UNION,3
ADLY,66
KEEWAY,288
JAWA-CZ,80
SPARTA,14
GOGORO,2
SAMURAI CHOPPER,12
SCHICKEL,3
JRL,1
MOTORINO,18
XOR,8
MONTO MOTORS,4
VINCENT,4
BAMX,28
HUSABERG,118
CH RACING,31
ZNEN,39
LIFAN,49
